3.852831,-4.096736,-2.165801,0
-1.386546,1.499733,-4.099774,0
-4.556334,-3.665592,2.501289,0
-3.110257,4.206114,3.859427,0
-0.689583,-0.305288,2.745201,0
4.502803,-1.742157,-3.561135,0
0.397182,1.105362,0.487748,0
-3.091833,-3.184427,-1.233326,0
2.942815,-4.403413,-2.672986,0
4.886223,0.639351,1.754208,0
3.322556,0.391569,-2.35486,0
2.356712,-3.243822,2.64183,0
0.105234,2.460238,-3.188095,0
0.189669,-1.92322,-3.886267,0
2.518605,2.202976,0.214797,0
2.449095,-0.1225,-1.477492,0
-2.542375,-1.233743,2.762723,0
4.959956,2.920804,2.813695,1
-4.854162,0.008876,-2.363113,0
-0.293117,-4.376641,0.952047,0
-0.819445,-0.638028,-1.277247,0
2.52092,0.150458,-0.085947,0
4.569582,-4.931252,2.1864,1
4.234932,3.52799,3.777187,1
1.567514,2.33685,4.777847,0
0.606028,-0.96763,-4.981829,0
4.877029,-4.469547,-3.559247,1
-4.672969,2.674901,3.108775,0
-1.673903,1.19546,3.326979,0
0.443725,1.513424,2.654241,0
-3.062243,4.487545,3.256124,0
-3.984108,-3.807172,2.404258,0
3.718394,-0.233429,0.984396,0
0.344585,2.100495,-1.827021,0
3.849387,-0.281435,-1.138011,0
-2.367677,-2.79091,-4.021894,0
-4.193257,0.267595,0.131717,0
2.356199,4.530888,4.486357,0
2.437778,-0.285832,-3.006558,0
0.637661,1.538566,-2.169269,0
-4.499822,-3.094291,1.268784,0
-3.639475,2.94393,-4.295466,0
-3.710435,0.249534,2.279811,0
-3.090341,-4.386799,-2.978477,0
2.390295,-2.828476,-2.420538,0
-2.124453,-3.600348,-3.195284,0
3.26235,-2.611034,1.223672,0
-2.995305,4.88668,-3.562841,0
3.25036,-3.501843,-2.610217,0
-1.759925,-2.774836,-2.44933,0
2.195905,3.37985,4.47526,0
-0.460902,-3.799014,4.394234,0
2.314732,-3.423116,-0.00248,0
-3.339158,-1.97962,2.019931,0
-3.681351,2.504956,-2.424372,0
-2.018117,0.499257,-0.879603,0
2.334548,-0.21674,-1.443753,0
4.699813,2.54116,2.473542,1
0.935613,1.118567,-0.282803,0
0.990515,0.34833,-4.681597,0
0.05246,1.600033,-2.397561,0
-2.704825,4.455879,3.681474,0
0.594267,-3.432784,-4.26964,0
3.210198,-2.631416,-0.885489,0
-1.804521,3.366919,-1.939639,0
1.779052,-3.297486,0.094352,0
0.353898,1.936181,-4.083494,0
-3.344825,0.015824,4.170219,0
-2.433255,-0.760653,0.705377,0
-2.718505,0.539488,1.001327,0
-0.469811,3.848704,-0.065237,0
-4.079635,2.362363,4.77123,0
3.888392,-4.359059,0.675825,1
-1.565578,-1.928413,-1.110398,0
-3.094879,2.272833,1.47833,0
-0.87379,-2.021006,-4.420843,0
3.425817,2.230316,-3.674237,0
-0.245708,1.931333,-1.779891,0
-2.537927,-2.60964,-4.88786,0
3.108382,-1.01554,-3.43594,0
-3.83329,-1.976697,0.308679,0
-1.286333,-4.793254,-1.754929,0
-1.244128,-4.894033,2.160273,0
0.735568,0.473275,-3.012516,0
4.928743,1.714235,-0.750167,0
-1.968891,4.175715,-3.966741,0
2.725203,-2.745285,1.619838,0
1.628398,-1.384283,2.001708,0
-3.164163,2.840367,1.327143,0
2.971591,0.323439,4.371915,1
0.367825,2.427311,1.690041,0
-2.145083,3.472339,-3.627616,0
-1.562305,3.822239,-2.771928,0
3.91474,-3.640248,-0.210329,1
-1.470277,-3.794017,1.016883,0
-1.440649,0.130321,-2.083228,0
0.449072,-4.382325,-2.96149,0
-2.749335,-3.083766,3.198958,0
-2.393559,-2.059113,-3.660831,0
-0.193048,-1.128493,-3.221527,0
-1.49609,3.09439,4.921259,0
3.112691,-4.113159,1.49204,0
-1.581991,-0.233146,0.569781,0
1.09159,-4.075408,-3.4517,0
-1.811483,-4.853102,-4.320968,0
-4.009586,-1.529982,-0.637814,0
4.977437,0.802419,0.46096,1
-3.967,2.089497,2.48913,0
-2.150266,3.24883,-1.428151,0
-2.609812,3.28939,4.996849,0
1.284471,-0.741359,-1.555377,0
1.16231,1.429307,-1.770288,0
-4.787052,-4.600323,3.212925,0
0.26768,-2.688859,2.500528,0
2.799474,-0.388441,-1.521287,0
3.373553,3.530161,2.570878,0
4.126008,2.821536,-3.698619,0
-1.031455,-4.643909,-1.044547,0
-1.619868,2.100355,3.08436,0
0.601598,4.977589,-3.254256,0
-0.491402,-4.81908,3.192864,0
0.65832,1.805053,4.519253,0
0.61448,1.736096,2.752725,0
-4.107449,4.410789,-0.90865,0
2.57743,-3.691641,-0.854054,0
2.288934,3.275493,3.721288,0
-0.220647,2.028004,-2.568634,0
2.16952,-4.541219,1.165629,0
0.178649,0.152786,1.400212,0
-0.250802,0.431499,4.069841,0
-1.787175,1.729287,4.613633,0
-3.079549,-0.364194,-4.365226,0
-4.692795,-4.083717,-0.035325,0
0.219835,3.159675,-4.52388,0
4.273747,4.242638,2.472563,0
-0.501502,-2.841819,-0.962761,0
-3.858217,1.751164,1.70897,0
-3.768978,-0.321438,1.567673,0
-0.148046,1.135979,-0.706121,0
-1.462211,4.162463,-3.841847,0
-2.651185,4.896929,3.9854,0
1.347123,0.610412,-2.021245,0
4.720511,3.944915,-0.306523,0
-1.740102,-1.713063,-2.050199,0
-1.535498,-0.807643,-0.102645,0
-0.023324,-2.54369,-3.103518,0
1.309697,-3.298502,4.436368,0
0.663919,-2.999037,-0.47083,0
-2.685334,0.206124,-2.715747,0
2.955767,4.481188,0.764738,0
-2.679149,1.19635,2.642565,0
-4.108001,-4.399814,4.117533,0
4.057726,3.991068,2.062035,0
-0.963424,4.586107,3.217014,0
2.354215,-2.840745,4.390433,0
-1.832285,1.898376,3.82303,0
-3.603349,2.729862,-4.834794,0
-4.350796,1.902552,-2.034472,0
-0.107802,-1.0889,3.338216,0
3.252165,2.869517,-3.76289,0
-1.462557,-1.654461,-4.737019,0
1.66417,2.333219,0.824722,0
-3.56337,-2.873108,3.38698,0
3.746735,4.512401,-3.652397,0
-0.537363,0.95419,-4.386438,0
-2.032264,-2.103144,-1.871233,0
4.024459,-0.144468,3.811745,1
2.579805,0.97201,-3.503175,0
2.238233,-1.401253,3.578683,0
-0.256714,-2.022032,-3.425341,0
-1.502994,-3.982726,-3.078149,0
0.698249,-4.427407,-3.865739,0
-4.593422,2.673638,3.109232,0
2.827333,2.410111,-4.71818,0
4.517124,-4.634651,1.553904,1
-3.640787,0.257375,-2.038646,0
-1.138843,-3.153394,-0.972043,0
3.83764,3.762532,1.073897,0
-1.412652,1.562606,-3.419469,0
1.467346,1.584255,1.432641,0
-1.686807,-0.7124,3.253227,0
-3.845467,1.997346,-1.910214,0
-4.562454,1.693248,-1.595297,0
-1.82053,-0.393237,4.270678,0
1.173523,3.010947,-0.226429,0
-3.862963,-4.24865,2.171707,0
2.203567,3.860372,-0.422244,0
4.189708,0.510488,3.012816,1
-4.926265,0.765361,1.572382,0
-0.672475,4.147862,-3.666585,0
-3.109918,-1.50335,-0.281531,0
-1.252616,0.530058,-3.07249,0
4.771683,3.628212,1.912863,1
4.151593,4.175326,-0.117298,0
-3.288468,1.204207,-2.521208,0
-3.486699,2.891047,-3.160435,0
-1.180232,0.937791,-2.238554,0
-0.809118,1.434487,-3.405554,0
-4.132194,2.818443,4.284326,0
0.531962,4.61924,-2.879556,0
3.36706,1.836283,-4.973687,0
2.61344,-4.062162,-4.578179,0
0.488812,0.748033,3.643186,0
-0.296067,3.573413,-0.018277,0
-1.789265,-2.029424,-2.418233,0
-1.132732,-3.445302,2.935562,0
3.910813,4.616654,0.625716,0
4.002076,-4.964539,-1.660509,1
0.908718,-0.346409,0.12577,0
4.385433,-0.787575,-2.100243,1
-0.260227,-4.286619,-0.143109,0
4.616864,-0.57162,-1.236134,1
-0.027739,-4.655677,4.128044,0
-1.357508,-4.096222,1.436633,0
-2.451134,-0.220644,1.194853,0
2.14794,-4.948788,2.639704,0
2.13737,-3.136243,-4.173853,0
-0.693882,0.427186,-0.651164,0
-4.991409,4.086062,-4.980834,0
1.47858,-4.802556,3.772259,0
0.219289,3.692697,-1.51306,0
1.268538,-4.683309,4.965366,1
1.722734,0.966235,-3.383219,0
1.680031,-3.215508,-1.236833,0
-4.4437,2.45044,4.250582,0
1.98572,3.701597,-0.861209,0
4.978436,4.113251,1.673379,1
-3.560463,0.782132,2.12417,0
-4.879592,-3.485036,-1.17014,0
4.990377,-4.458023,-0.023196,1
0.696357,0.496216,-0.217445,0
-2.51728,-0.483072,4.176323,0
-1.370403,0.531328,-1.06484,0
-2.713297,-2.961983,3.830287,0
1.830827,-0.103657,-1.969906,0
2.712936,2.165773,3.589983,0
-4.953473,4.521936,-4.257677,0
-2.09802,-0.570787,-2.473667,0
-1.606612,3.918097,-0.667559,0
3.240351,-1.865568,-1.729838,0
4.202815,-1.329376,1.22835,1
-4.857051,-3.366077,2.323661,0
2.373524,-2.348216,0.614538,0
4.468832,2.283797,1.448842,1
-2.732236,-0.407987,-3.753807,0
0.082017,-2.208386,3.572476,0
-3.511602,-3.194398,4.344892,0
3.23217,2.927188,4.682141,1
2.615627,-2.493045,-1.152303,0
-3.495169,1.550615,-0.003622,0
-4.031418,-1.212652,0.121838,0
2.533135,0.249879,-2.44964,0
-2.851139,-0.288166,1.141847,0
4.567128,0.785085,-4.692844,0
-0.479893,-2.673996,-4.763975,0
-1.733608,-4.196533,1.194162,0
2.402762,-2.519549,4.644364,0
-1.239555,1.756333,-4.747671,0
2.34855,-0.285722,-4.248011,0
2.745804,4.922699,3.682626,0
2.287554,-4.083455,-0.662791,0
1.682062,1.550605,2.16148,0
3.447105,0.031536,-2.769967,0
-2.034958,2.809978,-3.126902,0
-3.28601,-0.213523,1.964004,0
0.573889,-3.348624,-1.808998,0
-3.064188,1.667381,3.959475,0
0.330452,3.541257,3.88682,0
4.443923,1.960457,-2.345584,1
-4.417068,-1.825062,4.419371,0
3.780669,-3.488746,-4.869083,0
3.269286,-4.269791,-2.526887,0
-3.048131,-3.95613,1.347347,0
-1.66253,-3.415948,2.272078,0
-2.613678,0.728287,0.943126,0
-2.430029,0.12087,-3.252839,0
-1.010347,-0.006771,-0.426975,0
-3.012357,-0.365896,-2.895259,0
-0.41833,-0.617537,-3.537248,0
-3.798156,-3.797966,3.070261,0
-1.219252,-4.208454,-3.187839,0
1.318915,0.719771,2.540413,0
4.261137,2.718209,-2.70684,0
2.421833,3.988865,0.419976,0
-0.541315,-4.824616,2.236983,0
-2.779735,2.561607,-1.446698,0
-1.975661,2.664561,1.003493,0
-4.514493,-2.647611,2.377356,0
2.4799,4.253276,3.684615,0
4.37135,1.778217,4.501307,1
0.346439,3.621332,2.394418,0
-2.964716,-4.914038,4.466551,1
1.09796,2.295471,-3.101035,0
-2.101512,4.30389,1.34232,0
4.496222,-0.41054,-1.355596,0
3.990913,-0.204786,0.31888,0
3.687497,-2.8851,1.465109,0
-0.630695,-0.432027,0.51006,0
1.410899,-3.894845,4.581152,1
4.143181,3.847133,-0.129594,0
-4.185759,-2.700377,-0.760781,0
3.73499,4.888523,0.061138,0
-2.718506,-0.931298,2.279308,0
0.468712,-3.399827,-4.20463,0
-1.047815,-2.616877,2.443869,0
4.729244,0.004827,1.169107,1
0.506195,0.508817,0.949673,0
-2.288683,0.376976,1.757925,0
-1.916908,0.304979,-0.47929,0
4.668392,-1.371867,-4.98294,0
2.693466,0.804177,-3.129682,0
-0.040707,4.193102,-2.921233,0
2.679855,2.106983,1.698832,0
-3.547966,4.601984,-3.322101,0
0.812029,2.891175,4.558675,0
4.014463,3.305493,3.761664,1
4.549204,2.416113,3.18859,1
-3.630565,-3.09422,-4.317137,0
-3.250599,4.821313,-0.602071,0
1.349885,2.921892,-2.318615,0
3.596729,0.853242,-1.056512,0
3.681044,0.14819,-1.323167,0
-3.534706,0.420331,4.454484,0
-0.647161,3.327664,1.456919,0
-4.680182,-3.470138,-0.691513,0
3.439282,-4.742891,-0.448484,1
-3.564093,-2.868796,0.72309,0
4.627067,3.100974,2.213171,1
2.833593,-4.671913,1.399203,0
-0.415671,1.797501,-4.655336,0
-4.158404,4.45177,-0.024929,0
-3.732649,2.293736,-4.17163,0
0.485005,-1.042926,-4.631839,0
-0.616208,-1.572876,1.204036,0
-4.389705,-0.417285,-3.696542,0
0.74526,-2.894675,-1.558231,0
0.726351,3.952372,4.918666,0
-3.056809,-3.473888,1.480396,0
-0.163964,1.547164,4.681792,0
2.230037,4.311276,1.839788,0
0.617466,0.140472,-0.947263,0
0.129936,-3.429157,-4.252842,0
1.245801,4.646611,0.965303,0
-0.421036,-3.227196,1.23072,0
-1.437583,-3.190573,-4.679974,0
0.938573,1.972859,1.553972,0
0.456683,2.229698,-4.614861,0
0.352021,-2.988258,3.462279,0
4.427576,0.543957,-0.631225,1
-2.083406,4.47055,4.792775,0
4.26526,-1.486434,-4.510581,0
-2.677813,1.239388,-4.221709,0
-3.300781,-4.903206,2.480608,0
1.370443,-2.292154,-1.36553,0
3.107157,2.071636,0.147668,0
-0.843719,-4.408247,-3.840741,0
-1.618033,1.698837,-3.581877,0
2.097608,-4.613909,-0.400252,0
-0.43928,-1.922562,-3.348251,0
-4.881786,-4.707807,3.040877,0
3.020279,4.055181,-0.893811,0
-3.257225,-0.340206,-1.234136,0
-3.37225,0.293075,1.400509,0
-3.508177,1.712356,3.407786,0
4.641605,4.055206,-1.627556,0
2.259787,0.560483,2.289031,0
1.390497,0.044525,-3.481572,0
3.183577,1.825707,0.408948,0
2.752045,-2.139796,-1.672399,0
-3.452429,4.028521,-3.248738,0
3.213816,-2.654422,3.06721,0
3.12123,-4.306897,-1.671065,0
-4.69988,-4.03815,2.094968,0
-0.861688,-3.334448,-1.358273,0
2.515399,-1.538876,2.52925,0
-0.02103,-0.13071,0.872649,0
1.315055,-1.980368,-4.767899,0
-3.22675,3.806022,-2.875103,0
2.040968,0.26361,1.845834,0
-3.0303,1.524069,0.160056,0
-2.963514,1.891344,3.698159,0
1.863983,-3.932134,-3.106909,0
-2.172323,-3.22526,1.301589,0
-1.829261,3.675058,0.155319,0
2.985234,0.63834,-1.005667,0
-4.202076,-2.282753,2.918641,0
4.887263,0.821432,1.472626,1
-3.878971,4.901555,0.403598,0
-3.969007,1.65734,3.969507,0
-1.843568,0.982736,4.829453,0
-0.511565,-4.853402,-1.962596,0
4.448691,-0.259818,1.789323,1
-4.273516,-1.93431,-4.521544,0
4.170215,-3.97997,-2.207964,1
0.281632,-0.626011,1.29321,0
-2.240835,-3.237744,-4.282664,0
-2.335287,1.775541,-4.275777,0
1.924163,-4.766667,-1.246727,0
-1.868412,-3.527915,-3.048121,0
-0.759268,-0.10526,3.953684,0
1.87206,4.526477,3.844163,0
-1.917683,-4.443293,-1.403983,0
-0.211486,3.168374,-3.567761,0
3.963578,-1.659348,4.433082,1
-0.724636,4.809064,0.621537,0
-0.828367,-1.361477,-1.073508,0
2.118512,-2.403858,-4.293733,0
2.187019,-4.7759,-3.567445,0
0.508824,-0.276473,1.15553,0
-0.984592,-4.498089,2.523429,0
0.335698,-1.784788,-3.204413,0
-0.904395,-0.624827,0.456098,0
2.379533,0.797139,-4.816045,0
1.331662,-4.472911,3.031319,0
-1.78982,1.666123,2.202585,0
2.118753,1.385223,1.72189,0
2.9752,-1.068158,0.9885,0
-4.445958,4.629837,-0.327722,0
1.002457,-1.944983,-0.607627,0
-1.232091,-2.074443,-4.395779,0
1.560594,2.264749,2.235165,0
-3.835498,-0.682271,-4.879325,0
4.808205,-3.551399,0.602738,1
-2.328321,2.946807,1.641823,0
-4.022911,0.437863,-4.79421,0
-0.489076,1.385958,3.537677,0
4.096507,-2.775208,-3.621185,0
0.942071,-0.616882,0.635018,0
-4.331887,-2.81957,3.508617,0
-1.24957,-2.889518,-1.150401,0
-3.314986,4.967021,-2.37629,0
1.489109,-1.089399,1.030686,0
4.229045,2.963062,1.238355,0
0.21076,1.240579,3.914445,0
-3.846307,-0.515232,4.809975,0
-4.365341,4.888757,-0.708284,0
0.922261,-2.383807,2.001906,0
2.872666,-0.833739,-4.697908,0
-2.853721,1.804416,-4.09236,0
3.292747,-3.836879,-4.018542,0
0.242951,4.691232,2.532007,0
-1.465304,-1.152275,-3.445181,0
0.084754,4.673609,-3.712652,0
-0.279738,-2.557687,2.011993,0
4.774369,-4.827423,4.930892,1
4.302909,-0.166848,1.62303,1
1.795186,4.973213,-4.490903,0
-4.457361,-2.635001,-4.694602,0
4.878642,0.929061,-1.102857,1
-4.139851,4.287629,3.819766,0
-0.163469,-1.894363,4.428615,0
1.069533,0.112859,2.915384,0
0.510936,0.618709,0.794975,0
4.331629,-1.705567,0.794349,0
-0.821864,2.503551,2.20507,0
-2.294493,0.638147,-3.012089,0
4.375869,4.121953,3.539917,0
1.043055,1.894172,4.631957,0
2.077751,-3.5373,-2.909547,0
3.954661,1.285414,4.384097,1
-4.824614,-0.511629,-1.524268,0
-1.41395,-4.983916,-2.766211,0
-0.956649,-1.853188,-1.900431,0
-2.929136,3.572036,3.301143,0
4.813331,2.985899,-4.013407,0
4.01055,2.768321,2.357655,0
-1.147344,0.123225,2.599125,0
0.390386,-1.625952,0.477796,0
0.824679,1.652251,2.858088,0
-2.96709,-2.806492,0.850507,0
-4.773934,-1.373464,-1.538198,0
3.503751,-2.5626,-1.97807,0
-4.083949,2.651821,-0.22518,0
2.018338,1.026562,4.762086,1
0.81137,-0.491375,0.505667,0
2.18,0.130411,2.289905,0
-3.463385,-3.614911,-0.885523,0
1.074476,-2.141583,-2.311463,0
2.174646,-0.979192,-0.482724,0
-4.859839,-0.478198,2.556673,0
-1.804018,-2.777531,1.35985,0
-2.57558,3.174578,4.453516,0
-4.760075,-3.380528,0.169653,0
1.138425,-3.225911,1.14417,0
-1.493334,1.65342,1.132984,0
-4.942022,2.007499,1.902598,0
-0.440271,-3.575073,-0.171659,0
-3.577817,2.820335,4.04738,0
-0.757585,-3.775862,-4.79262,0
-1.133959,-1.921519,-2.813734,0
0.104384,-1.471247,0.581497,0
0.85724,3.930141,2.407522,0
-2.501096,-4.003256,4.377047,0
-3.010907,4.224997,-4.073559,0
0.992659,-2.786407,2.656543,0
-2.100937,-3.63453,-4.380209,0
2.171018,2.864791,-1.301962,0
-4.037365,-1.375387,-4.412326,0
3.387119,-2.18523,-0.569509,0
4.375265,-1.600367,-1.158156,0
4.612933,3.106825,4.010122,1
3.843439,-1.545922,0.178942,0
3.472275,-0.89367,-2.97555,0
-3.929246,4.572103,3.693614,0
0.999717,1.245314,-2.149172,0
2.265861,-2.63076,2.810888,0
1.597665,-4.462913,-1.598666,0
-1.307912,-0.965849,-4.13306,0
1.253717,2.660721,2.29926,0
-4.408994,3.523363,-2.911338,0
3.235265,1.058663,-2.05278,0
1.76368,3.485654,-3.047538,0
-3.699508,-1.373794,3.761731,0
-3.543869,-0.966824,0.798412,0
-3.048634,1.390618,-3.933526,0
3.983737,-2.50258,-2.025262,0
4.052845,-2.744207,1.833348,1
-0.494103,-3.124378,3.945032,0
-3.183939,-1.353423,-2.967151,0
4.032252,0.70614,-3.523936,0
-3.796259,-0.92009,0.39497,0
-2.909683,-1.975685,0.088467,0
1.755793,1.47059,0.789865,0
-0.621867,-1.294352,-0.389101,0
1.849559,4.322033,-2.6174,0
3.468972,-0.837534,3.166955,0
-4.704957,2.489191,-1.552976,0
0.357878,1.633208,2.489112,0
-3.058814,-1.229518,-0.130797,0
-3.514101,4.836632,1.805176,0
-1.474135,2.243906,-4.944784,0
-3.52829,0.132035,-1.382257,0
0.304488,-4.161866,-3.316702,0
-3.277564,-0.93246,0.399622,0
1.523255,0.562994,-3.800569,0
2.753294,-0.311902,-1.327854,0
0.400592,0.226073,-2.017551,0
-0.872448,-4.442158,2.701061,0
3.605247,-1.940702,0.102685,0
4.296573,4.116628,-4.775291,0
-3.987389,-0.382663,2.951593,0
3.76368,-0.095564,0.996655,0
-2.900781,2.178082,-1.443492,0
3.037323,1.521466,-4.023221,0
2.281083,-1.721659,-1.815296,0
0.607642,2.569264,-0.816605,0
3.949158,1.706498,1.659097,0
-4.218781,-3.164127,1.887468,0
-3.980728,3.083468,3.046548,0
1.656516,-1.752613,-0.177317,0
-4.109595,2.36623,-0.564958,0
4.995131,2.189562,1.312247,1
-4.94116,3.933171,2.368484,0
4.875906,-0.891907,-4.53419,0
-3.642955,-4.141106,1.535118,0
3.021339,0.637463,-3.62861,0
3.690801,2.687382,1.723157,0
-4.335392,2.80535,0.688773,0
1.710357,4.907682,-2.430115,0
1.29423,-4.029273,-3.144095,0
3.501221,-3.720316,0.250215,0
-0.212173,4.022099,2.836604,0
4.278915,2.914897,0.753228,0
-3.148677,-1.062561,2.629092,0
-3.533569,-3.382665,-3.4676,0
3.250821,-2.632648,0.315274,0
0.44319,3.311186,1.885703,0
-1.970514,-2.590132,-3.433496,0
-1.389351,-1.072266,2.460786,0
2.65244,2.868612,0.656966,0
0.19018,1.144095,1.615944,0
1.109108,3.105763,-3.515426,0
-1.849002,0.603334,-4.33638,0
3.086774,-1.963461,3.877898,0
-1.596924,4.314932,-4.540199,0
3.127494,-2.082637,4.664222,1
-3.674295,0.242779,-1.297091,0
-1.248697,4.154142,2.299028,0
4.644059,0.560518,0.044813,1
3.310061,-4.740235,-0.122694,0
-0.429096,-3.376856,3.772975,0
-0.380241,-2.971273,1.549299,0
-1.968061,3.287365,2.847345,0
-3.823028,2.44381,-0.383273,0
2.852847,-3.725016,-0.014011,0
1.24443,2.585998,3.902542,0
2.704862,0.985231,1.947422,0
3.447174,1.620362,0.907711,0
3.089547,4.702272,3.71488,0
-4.419241,2.636489,0.679517,0
-2.51455,3.297197,-3.860705,0
-4.208102,4.838761,-2.645972,0
-0.818199,1.306023,1.208839,0
3.724052,4.142329,3.513342,0
-1.412917,2.16148,2.667679,0
4.555962,-0.409551,2.674756,1
0.07343,-4.35991,-4.562356,0
-2.09171,-3.312642,-0.772806,0
-1.56057,-4.182972,-2.490453,0
0.587804,-0.692304,1.692672,0
1.32789,-0.076864,4.543325,0
3.097919,1.208808,4.980261,1
-4.828279,-3.688605,-2.023547,0
4.433069,-4.499139,1.34902,1
3.550932,-0.390506,-4.840588,0
4.174863,4.260387,-0.949445,0
1.127889,-0.352786,3.211135,0
2.295295,4.589612,-2.268042,0
-3.233502,4.795917,-2.656043,0
3.915937,1.746882,-0.749686,0
-3.308653,1.66807,3.984748,0
-0.571749,4.751724,0.952625,0
2.043224,-0.942379,-3.931009,0
-4.19388,-4.447817,-1.476679,0
-4.293486,-4.931022,-1.31632,0
0.500027,-1.384081,-0.587127,0
-1.800042,1.989954,-0.71879,0
-4.585677,1.280726,1.150896,0
3.269078,0.850141,1.038561,0
-3.710919,-3.888747,-2.28332,0
3.001349,4.349583,3.574286,0
0.63825,2.279495,-1.421924,0
-3.60908,4.249218,0.340726,0
-1.851144,-2.607485,-2.55212,0
1.566037,2.796789,-4.828367,0
2.069873,-4.712593,-2.747123,0
1.595867,-4.46489,-3.417022,0
1.136443,-0.124857,3.486121,0
0.895253,2.699319,4.462454,0
-3.086891,-0.039093,-3.309862,0
0.658764,-3.498759,2.392247,0
-4.961671,4.985539,-2.954836,0
-1.427529,-4.025511,1.563594,0
4.58487,-2.594929,3.878282,1
4.391182,-4.288379,-2.488636,1
-1.067909,-3.276297,-3.235735,0
3.751098,0.434492,4.499686,0
-0.229262,-1.8727,0.183309,0
-0.742091,0.134988,-4.936162,0
4.436934,-1.767426,-4.166305,0
3.897269,4.586735,-3.999147,0
4.209955,2.215684,-1.048636,0
0.261363,-3.406644,4.204152,0
1.38298,3.320547,-0.316968,0
-1.858041,0.457916,2.670146,0
-0.818128,3.043884,-4.301143,0
1.242474,-3.43108,0.296595,0
0.879468,0.296089,-3.391081,0
1.259199,-0.069005,3.313315,0
-4.437149,3.667947,3.879101,0
-1.788681,-2.915698,2.235633,0
3.091848,-1.673926,3.874469,0
4.733686,2.498141,-3.58717,0
3.700604,-3.560991,3.868313,1
2.23359,-1.239465,-4.503815,0
-0.152818,3.874707,-0.536859,0
4.428349,3.099688,1.614643,1
-3.18369,1.63436,-4.986619,0
-3.998342,3.199301,3.501259,0
3.458796,-4.125731,-2.816387,0
-4.0363,0.925958,-1.649045,0
3.832598,2.273333,3.836455,1
-1.773849,-3.92289,-1.373776,0
1.243611,2.170821,-0.960641,0
3.073235,4.940356,-4.427547,0
0.451952,-1.153604,-4.930738,0
0.780596,-1.913944,1.329902,0
-2.72366,0.252584,-3.558106,0
0.185366,2.155644,2.959948,0
-4.005818,-4.85727,-3.223845,0
-3.360393,2.919507,-2.319976,0
-3.033369,-2.873098,0.768234,0
-1.787722,4.171472,0.979232,0
0.061903,-4.564893,2.07936,0
1.482686,-4.192137,1.274882,0
3.413608,-0.829712,-2.043536,0
0.587604,-4.227063,-2.327546,0
-0.957495,-2.325269,-0.434092,0
4.640246,-2.67812,-1.10678,1
-2.028119,0.230952,3.077683,0
-4.658059,1.417403,2.918105,0
0.173282,-2.558622,-4.755063,0
0.410457,-0.170012,1.115388,0
4.901398,-3.720575,1.29496,1
-0.222603,4.590979,2.518102,0
3.164909,0.735821,2.835009,0
-3.719113,-1.46706,3.617976,0
-0.129731,-3.226393,3.77683,0
0.020692,4.365983,2.883739,0
0.091381,-4.520317,3.962798,0
2.193289,-0.210338,-1.083164,0
2.5738,-2.510147,3.483868,0
-1.333833,4.420024,-2.316901,0
0.946078,2.373969,3.961532,0
-4.531622,-1.076813,-1.065891,0
2.923023,4.294746,-2.602923,0
-3.884388,-2.156086,-2.39452,0
1.663813,-1.210925,3.892262,0
4.48894,-2.413497,3.072973,1
2.060629,-0.78377,-3.844601,0
2.772504,0.12582,-0.583159,0
0.435207,-0.241433,2.445842,0
-2.739177,-0.954158,3.184313,0
1.776066,-4.461594,-1.516209,0
-3.501055,-1.662052,1.647933,0
-0.218706,-0.281562,-4.537892,0
-4.439507,4.450662,3.636231,0
-3.903671,-2.469586,-4.263583,0
-3.154005,-1.231993,2.399024,0
4.175301,-3.450303,-3.501279,0
0.392887,4.618967,4.835038,0
4.392387,3.702254,-2.886505,0
4.901305,-2.990886,2.418807,1
-1.353761,1.909989,2.827692,0
3.091609,3.426776,4.209418,0
4.073134,3.839757,-2.806638,0
2.627958,-4.966567,-0.565227,0
-1.332533,-3.023495,2.221341,0
-3.26251,-1.874972,1.328424,0
-1.63819,-1.068463,-2.254889,0
1.407747,1.483729,-1.971379,0
1.391581,1.457324,1.064154,0
2.99656,-0.558994,0.221951,0
0.856717,-4.044274,-2.277617,0
4.232615,-0.078637,-3.033076,0
0.206166,-4.459397,3.577158,0
0.199022,-3.918616,-2.895003,0
4.553787,-1.34651,-2.08246,1
-0.758145,2.143342,-1.557356,0
1.983462,-2.180017,3.004028,0
-2.394422,-3.007103,-2.654277,0
2.167361,-0.127608,4.26027,0
1.524572,-2.016813,-0.827924,0
2.192705,0.984364,2.782648,0
-0.644393,-0.913371,-2.183057,0
-2.413226,0.556225,-3.298753,0
-1.086802,0.816218,-1.194933,0
1.393133,0.42764,2.105423,0
2.487039,-3.095386,-3.992956,0
1.908372,-4.70854,-1.344666,0
2.368187,-3.366766,-0.639652,0
3.247079,-3.380758,-1.863027,0
-1.724104,-1.240996,0.538325,0
-4.116269,-3.164056,2.10665,0
3.508171,2.960971,-0.671748,0
3.259733,-4.410281,4.684622,1
4.475561,0.565587,0.612248,1
2.474146,-1.606248,2.146172,0
3.752942,-1.31406,-4.315904,0
0.908417,4.068925,-4.36886,0
-1.256814,2.169466,-3.97276,0
-1.284102,4.968493,-1.902167,0
-0.033971,0.854549,-1.618356,0
4.442968,2.341298,-1.030341,1
0.702299,3.773839,-4.525767,0
-1.452476,-1.088107,-4.597749,0
3.892507,3.534802,4.764259,1
-0.986871,-2.592589,0.119754,0
0.667849,-3.868533,4.422911,0
-4.082053,-0.23234,-4.640373,0
-1.403904,-1.62645,3.184681,0
4.285075,-1.360994,-3.497472,0
-4.670442,-3.78041,-4.496485,0
-0.979393,3.417655,-2.111304,0
2.887755,2.114058,4.203396,0
1.904865,-2.448001,-1.56356,0
3.524992,1.679806,3.275088,0
-3.000948,2.927818,2.285495,0
-4.868537,-3.004267,1.961827,0
-2.043218,0.923274,3.03592,0
3.373746,0.75227,4.929427,1
-1.03353,1.889661,4.825583,0
1.250909,3.422788,0.917072,0
2.337024,3.222379,2.482376,0
0.272947,2.297397,2.85553,0
1.075151,-2.810308,3.388133,0
-4.18341,-3.43095,-3.484068,0
-2.230371,3.997129,1.931187,0
3.475118,-4.847165,-4.410608,0
-4.210185,0.186287,1.885444,0
-0.92229,-4.24297,3.632381,0
2.879058,-0.767086,2.416455,0
-1.04356,2.323961,-3.250459,0
2.091823,-3.80292,-3.149049,0
-2.189898,-1.341007,1.181552,0
2.265577,-0.777766,1.182053,0
4.123752,-1.033046,2.740083,1
-3.095846,-2.232179,-4.526639,0
-3.447395,-3.307714,-1.64372,0
-0.563414,-3.211737,2.558567,0
1.484736,0.410519,4.602893,0
3.220895,-1.364689,4.699948,1
-3.949488,0.488487,4.224244,0
-3.057224,4.707539,2.433757,0
3.195246,-0.683963,3.071071,0
-4.250239,1.405107,-0.682821,0
-0.518034,-3.118718,-4.960801,0
4.410443,-2.94337,4.521073,1
-2.71733,1.597443,0.077853,0
-4.378173,-1.65922,4.001724,0
2.502182,3.816999,0.402162,0
-0.627444,4.794362,-0.378144,0
-4.925808,3.629925,1.916555,0
-1.652149,-0.813153,4.111521,0
-0.37398,2.809688,-1.797659,0
-3.337303,-2.692252,0.86633,0
-3.028175,1.556226,-2.598795,0
-1.857973,2.529744,2.44268,0
0.518348,-1.946461,2.908926,0
-2.16822,-4.991422,-2.934824,0
1.326106,-0.228472,-3.052942,0
-1.27574,3.152867,2.139605,0
2.603558,3.936543,2.611973,0
-4.717099,0.23173,0.776292,0
3.91132,-4.872413,-1.782184,1
3.430883,-1.056315,-2.035127,0
-2.181336,4.440289,-1.698593,0
-4.636352,1.891413,4.788052,0
-1.242934,-2.62026,-4.605929,0
-4.357232,-0.236393,-1.226406,0
-0.133898,1.795568,0.888938,0
-3.042011,2.328395,-3.341453,0
-2.50046,1.345408,0.49054,0
0.427114,4.128196,-1.170073,0
-2.443693,3.784694,0.002519,0
3.81005,4.215221,1.919704,0
-3.810482,-4.85875,0.319961,0
3.273896,1.351655,-3.981455,0
3.550495,-0.605308,2.569595,0
1.235095,-1.704602,4.845264,1
-3.899407,-0.618598,-4.661992,0
-2.760836,1.781604,0.642826,0
-4.898007,-2.58864,-0.547537,0
1.050709,-1.430198,4.193953,0
1.939727,-2.443223,2.390235,0
-3.923145,-0.489025,-0.058045,0
4.827819,2.56957,-0.993274,1
-4.687375,-3.34453,2.28426,0
-2.728918,0.937474,-3.954425,0
-4.103153,1.797237,-3.692243,0
4.016741,-4.938794,-0.659414,1
-3.315925,3.87698,-4.209219,0
-1.253204,-4.145537,1.124471,0
2.655564,-0.327731,0.692543,0
-0.136146,-1.170528,3.38378,0
0.808593,-0.108289,-4.283617,0
-4.46317,-1.03412,1.522051,0
-3.086319,-1.504687,3.705802,0
2.968362,0.824823,-0.536261,0
0.969794,-2.495974,2.688273,0
-2.179836,1.330549,3.151744,0
0.441326,-1.316016,2.006453,0
1.12747,-4.52949,1.511725,0
1.408768,2.174102,-4.01313,0
-4.528103,-3.043026,1.084233,0
-3.530498,-0.383013,-0.22802,0
0.287037,3.171498,4.251146,0
1.514767,-0.418437,-3.964575,0
-3.81619,-3.840296,-4.952872,0
1.40839,-1.746263,0.234558,0
4.222417,-0.318415,1.962586,1
1.577368,4.694275,-2.579951,0
-3.322212,-1.141305,-2.836279,0
-0.934331,4.422735,-2.581375,0
3.197389,-1.227394,-0.385667,0
3.968578,-4.326984,-0.508073,1
1.230691,0.134529,-4.498399,0
-3.778831,-4.066534,-1.234375,0
-2.321758,-4.001014,-4.830365,0
-2.153443,2.049535,3.402573,0
-1.780594,3.834315,-0.565091,0
0.473529,-1.277903,0.392001,0
3.836669,2.995654,-2.061573,0
-4.058752,0.88234,-1.278431,0
4.54884,-2.999516,2.743716,1
-3.887613,-0.487336,-4.439699,0
-1.428997,4.125804,-4.599114,0
-2.192573,3.460318,3.277262,0
3.277743,3.838897,0.996536,0
-4.889154,2.046786,-3.785292,0
1.822849,0.186428,-2.667207,0
2.486516,2.004623,3.728488,0
-0.546675,-2.062916,0.447756,0
2.548331,-2.207978,4.204088,0
-3.909555,-0.722209,-0.007065,0
-0.819238,2.131955,4.855706,0
-1.319138,-0.061468,-4.50731,0
0.587545,-4.280182,0.252117,0
3.234733,-4.879438,2.996414,1
-2.229773,-1.217407,-1.365064,0
4.004113,-1.346538,3.470643,1
-2.363898,1.096699,-0.982807,0
0.832665,2.456908,-0.629285,0
3.602857,-4.209242,3.789953,1
-4.370843,1.269129,1.029574,0
-1.496211,-1.043457,4.465407,0
2.54537,4.176895,4.035678,0
1.881784,4.5406,-0.431464,0
1.069093,1.252936,-4.887729,0
3.444631,2.075568,4.805567,0
4.302222,-0.263217,1.948856,1
0.396734,-1.72482,3.026707,0
-1.437394,-1.126838,-3.623498,0
0.893079,-4.52397,-0.487008,0
4.997421,4.877707,3.980683,1
-3.322106,-2.234848,-1.102828,0
-4.449535,-4.267519,-2.94246,0
-2.134988,2.901633,-3.411022,0
0.01918,-2.204083,-0.364958,0
3.851768,-1.737086,1.318885,0
-0.752005,-1.983949,-0.884687,0
-4.66465,-2.074072,2.929237,0
0.718651,-3.414191,0.251325,0
-4.252756,1.98206,1.278451,0
-2.140093,-0.110565,-0.434623,0
3.174369,-1.324025,-2.090954,0
-0.349277,1.336912,4.412675,0
2.927028,4.636944,1.548226,0
0.194635,-2.420195,0.177501,0
-3.752604,1.124275,-0.555272,0
2.884912,4.510876,-1.191727,0
-0.947688,0.353064,3.32421,0
1.621828,2.758307,0.387367,0
2.479067,-1.101254,-3.137405,0
1.764255,1.392023,0.59282,0
3.203582,-4.732959,4.583996,1
-0.917797,2.080385,-3.916529,0
4.101337,-4.485946,4.627079,1
4.309707,1.726077,1.825099,1
-0.748653,0.207747,-0.897431,0
3.348348,4.482426,-1.894384,0
-0.901337,2.509674,1.414876,0
3.742251,0.631419,4.115363,1
-4.317653,4.814891,4.802203,0
3.278535,-2.402179,2.249094,0
-3.165941,-1.910269,4.805483,0
1.85839,1.105286,-0.583123,0
-4.550867,3.748091,-1.267401,0
-1.86681,-0.478033,1.784812,0
0.333827,-1.124635,-1.022596,0
2.377068,0.275812,-3.65572,0
-3.608322,3.062504,1.611063,0
-3.474565,4.247279,1.826774,0
0.510227,3.643306,-3.153124,0
4.970414,-2.841587,1.565743,1
-0.8938,-2.138917,3.265859,0
0.153918,3.787728,4.169915,0
-2.991836,-1.837925,-3.144432,0
-3.870788,2.008409,1.611645,0
-4.315435,-2.978066,3.513452,0
4.787053,-4.465295,3.657802,1
-2.52055,-1.975144,1.866034,0
2.793612,0.944337,-1.56994,0
-2.81655,4.985979,-4.769824,0
-3.768505,-4.808283,4.535631,0
4.284949,-4.182839,2.105464,1
3.259781,4.701615,4.158918,0
0.940187,-2.939032,-1.007137,0
0.757425,1.136816,2.4053,0
0.569459,3.523302,-2.227318,0
0.618286,1.601182,-2.338978,0
-2.621478,-4.218739,-4.4409,0
4.441348,1.224414,1.644866,0
-3.828547,4.225679,-2.177781,0
-1.460924,2.016812,-1.978882,0
-0.711743,2.086997,3.95659,0
1.764555,2.04315,-3.699354,0
-2.673772,0.580293,2.584636,0
-1.897903,-3.929836,1.292957,0
3.809467,4.811723,2.083242,0
-2.562672,2.080548,-0.622806,0
-3.252134,-4.317527,1.886583,0
-2.628658,-2.128493,-4.053416,0
-2.854388,-3.930412,2.482745,0
1.430825,-2.825863,-3.996356,0
0.314342,3.812929,1.428316,0
-1.198752,4.830671,-1.734515,0
-2.218729,1.745504,0.8127,0
-4.188178,-4.910535,0.316687,0
2.36107,4.782004,3.260463,0
3.180815,3.376789,4.584605,0
-2.254121,1.554946,-1.507635,0
3.114242,0.906412,-4.091836,0
-1.378116,-1.823551,-1.974745,0
1.854701,-2.47187,0.89701,0
4.68895,1.240207,-0.538765,1
-0.21957,-3.876153,-4.250375,0
-2.247472,-2.156075,4.676788,0
3.293465,-0.482503,-1.778814,0
-0.645552,2.305375,-4.819039,0
2.718155,0.936679,4.379057,1
-3.008066,-0.723549,0.627626,0
-0.622718,-0.649121,4.624823,0
-4.512266,3.529685,0.301897,0
-1.949118,-1.773937,0.444371,0
-3.252838,4.50456,-3.711913,0
3.059273,-3.716869,2.861755,0
-4.47945,4.795402,-2.175008,0
2.304313,0.77631,3.491779,0
-4.058885,2.604271,-1.405697,0